{
  "bat_den": {
    "precision": 0.5454545454545454,
    "recall": 0.75,
    "f1-score": 0.631578947368421,
    "support": 16.0
  },
  "bat_dieu_hoa": {
    "precision": 0.5,
    "recall": 0.6666666666666666,
    "f1-score": 0.5714285714285714,
    "support": 15.0
  },
  "bat_quat": {
    "precision": 0.42105263157894735,
    "recall": 0.5333333333333333,
    "f1-score": 0.47058823529411764,
    "support": 15.0
  },
  "bat_tv": {
    "precision": 0.5416666666666666,
    "recall": 0.9285714285714286,
    "f1-score": 0.6842105263157895,
    "support": 14.0
  },
  "do_am": {
    "precision": 0.9285714285714286,
    "recall": 0.8666666666666667,
    "f1-score": 0.896551724137931,
    "support": 15.0
  },
  "dong_rem": {
    "precision": 0.3333333333333333,
    "recall": 0.26666666666666666,
    "f1-score": 0.2962962962962963,
    "support": 15.0
  },
  "mo_rem": {
    "precision": 0.625,
    "recall": 0.35714285714285715,
    "f1-score": 0.45454545454545453,
    "support": 14.0
  },
  "nhiet_do": {
    "precision": 0.7368421052631579,
    "recall": 0.9333333333333333,
    "f1-score": 0.8235294117647058,
    "support": 15.0
  },
  "tat_den": {
    "precision": 0.5,
    "recall": 0.4666666666666667,
    "f1-score": 0.4827586206896552,
    "support": 15.0
  },
  "tat_dieu_hoa": {
    "precision": 0.5454545454545454,
    "recall": 0.4,
    "f1-score": 0.46153846153846156,
    "support": 15.0
  },
  "tat_quat": {
    "precision": 0.3333333333333333,
    "recall": 0.21428571428571427,
    "f1-score": 0.2608695652173913,
    "support": 14.0
  },
  "tat_tv": {
    "precision": 1.0,
    "recall": 0.26666666666666666,
    "f1-score": 0.42105263157894735,
    "support": 15.0
  },
  "unknown": {
    "precision": 0.8888888888888888,
    "recall": 1.0,
    "f1-score": 0.9411764705882353,
    "support": 16.0
  },
  "accuracy": 0.5927835051546392,
  "macro avg": {
    "precision": 0.6076613445034498,
    "recall": 0.5884615384615385,
    "f1-score": 0.5689326859049214,
    "support": 194.0
  },
  "weighted avg": {
    "precision": 0.6104551835696709,
    "recall": 0.5927835051546392,
    "f1-score": 0.5727577506357613,
    "support": 194.0
  }
}