model,params,test_accuracy_mean,test_accuracy_std,macro_f1_mean,macro_f1_std,weighted_f1_mean,weighted_f1_std,train_seconds_mean,infer_seconds_mean
ast_tiny,1807501.0,59.27835051546392,0.0,0.5689326859049214,0.0,0.5727577506357613,0.0,205.5262987019996,0.3313941989999875
convmixer_256_8,719117.0,97.9381443298969,0.0,0.9795599937587768,0.0,0.9793291650111876,0.0,146.23976212100024,0.1935483950001071
resnet18,11174349.0,95.36082474226804,0.0,0.9531294268085144,0.0,0.9529919343917286,0.0,3351.1137571439995,2.4877348150002945
