model,params,test_accuracy_mean,test_accuracy_std,macro_f1_mean,macro_f1_std,weighted_f1_mean,weighted_f1_std,train_seconds_mean,infer_seconds_mean
ast_tiny,1807501.0,59.27835051546392,0.0,0.5689326859049214,0.0,0.5727577506357613,0.0,205.52629870199962,0.33139419899998757
convmixer_256_8,719117.0,97.9381443298969,0.0,0.9795599937587767,0.0,0.9793291650111875,0.0,146.23976212100024,0.19354839500010712
mobilenet_v3_small,1530893.0,7.731958762886598,0.0,0.01104158998895841,0.0,0.011098505401272628,0.0,24.131570075000127,0.285389505999774
resnet18,11174349.0,95.36082474226805,0.0,0.9531294268085145,0.0,0.9529919343917286,0.0,3351.1137571439995,2.4877348150002945
