model,n_runs,params,test_accuracy_mean,test_accuracy_std,macro_f1_mean,macro_f1_std,weighted_f1_mean,weighted_f1_std,train_seconds_mean,infer_seconds_mean,test_accuracy_ci95,macro_f1_ci95,weighted_f1_ci95
resnet18,3,11174349.0,98.10996563573885,2.380825852328348,0.9808883749697618,0.0240401550255405,0.980888201784678,0.0241588764572942,2071.221327464,2.421118778000088,2.694158075601369,0.0272039963516981,0.0273383422988379
convmixer_256_8,3,719117.0,97.76632302405498,0.7873841400267839,0.9775953591682942,0.0078053137048626,0.977639504100862,0.0078720228102165,143.7700274163334,0.2016721590000258,0.8910090325922071,0.0088325439384793,0.0089080323975489
ast_tiny,3,1807501.0,53.95189003436426,4.953104915944875,0.5260411421891241,0.0419605380120427,0.5292120293603004,0.0421483813093193,192.12806061066655,0.2975660930000383,5.604965854828656,0.047482818716525,0.0476953834178913
