model,n_runs,params,test_accuracy_mean,test_accuracy_std,macro_f1_mean,macro_f1_std,weighted_f1_mean,weighted_f1_std,train_seconds_mean,infer_seconds_mean,test_accuracy_ci95,macro_f1_ci95,weighted_f1_ci95
resnet18,3,11174349.0,98.10996563573883,2.380825852328348,0.9808883749697618,0.02404015502554056,0.9808882017846781,0.024158876457294216,2071.221327464,2.421118778000088,2.6941580756013686,0.027203996351698106,0.02733834229883795
convmixer_256_8,3,719117.0,97.76632302405498,0.7873841400267839,0.9775953591682942,0.007805313704862608,0.977639504100862,0.007872022810216527,143.7700274163334,0.20167215900002586,0.8910090325922071,0.008832543938479327,0.008908032397548957
ast_tiny,3,1807501.0,53.95189003436426,4.953104915944875,0.5260411421891241,0.04196053801204279,0.5292120293603004,0.04214838130931933,192.12806061066658,0.2975660930000383,5.604965854828656,0.047482818716525085,0.04769538341789132
