{
  "bat_den": {
    "precision": 0.8888888888888888,
    "recall": 1.0,
    "f1-score": 0.9411764705882353,
    "support": 16.0
  },
  "bat_dieu_hoa": {
    "precision": 1.0,
    "recall": 1.0,
    "f1-score": 1.0,
    "support": 15.0
  },
  "bat_quat": {
    "precision": 1.0,
    "recall": 1.0,
    "f1-score": 1.0,
    "support": 15.0
  },
  "bat_tv": {
    "precision": 1.0,
    "recall": 1.0,
    "f1-score": 1.0,
    "support": 14.0
  },
  "do_am": {
    "precision": 1.0,
    "recall": 1.0,
    "f1-score": 1.0,
    "support": 15.0
  },
  "dong_rem": {
    "precision": 1.0,
    "recall": 0.9333333333333333,
    "f1-score": 0.9655172413793104,
    "support": 15.0
  },
  "mo_rem": {
    "precision": 1.0,
    "recall": 1.0,
    "f1-score": 1.0,
    "support": 14.0
  },
  "nhiet_do": {
    "precision": 1.0,
    "recall": 1.0,
    "f1-score": 1.0,
    "support": 15.0
  },
  "tat_den": {
    "precision": 0.9285714285714286,
    "recall": 0.8666666666666667,
    "f1-score": 0.896551724137931,
    "support": 15.0
  },
  "tat_dieu_hoa": {
    "precision": 1.0,
    "recall": 0.9333333333333333,
    "f1-score": 0.9655172413793104,
    "support": 15.0
  },
  "tat_quat": {
    "precision": 0.9333333333333333,
    "recall": 1.0,
    "f1-score": 0.9655172413793104,
    "support": 14.0
  },
  "tat_tv": {
    "precision": 1.0,
    "recall": 1.0,
    "f1-score": 1.0,
    "support": 15.0
  },
  "unknown": {
    "precision": 1.0,
    "recall": 1.0,
    "f1-score": 1.0,
    "support": 16.0
  },
  "accuracy": 0.979381443298969,
  "macro avg": {
    "precision": 0.9808302808302809,
    "recall": 0.9794871794871796,
    "f1-score": 0.9795599937587767,
    "support": 194.0
  },
  "weighted avg": {
    "precision": 0.980502372770414,
    "recall": 0.979381443298969,
    "f1-score": 0.9793291650111875,
    "support": 194.0
  }
}